insert into customers values
('Клиент1', 'Клиент1', 'client1@mail.ru', '89600900001', 'Фамилия1', 'Имя1', 'Отчество1', 'Адрес1', '2014-12-11'),
('Клиент2', 'Клиент2', 'client2@mail.ru', '89600900002', 'Фамилия2', 'Имя2', 'Отчество2', 'Адрес2', '2014-12-12'),
('Клиент3', 'Клиент3', 'client3@mail.ru', '89600900003', 'Фамилия3', 'Имя3', 'Отчество3', 'Адрес3', '2014-12-13'),
('Клиент4', 'Клиент4', 'client4@mail.ru', '89600900004', 'Фамилия4', 'Имя4', 'Отчество4', 'Адрес4', '2014-12-14'),
('Клиент5', 'Клиент5', 'client5@mail.ru', '89600900005', 'Фамилия5', 'Имя5', 'Отчество5', 'Адрес5', '2014-12-15'),
('Клиент6', 'Клиент6', 'client6@mail.ru', '89600900006', 'Фамилия6', 'Имя6', 'Отчество6', 'Адрес6', '2014-12-16'),
('Клиент7', 'Клиент7', 'client7@mail.ru', '89600900007', 'Фамилия7', 'Имя7', 'Отчество7', 'Адрес7', '2014-12-17'),
('Клиент8', 'Клиент8', 'client8@mail.ru', '89600900008', 'Фамилия8', 'Имя8', 'Отчество8', 'Адрес8', '2014-12-18'),
('Клиент9', 'Клиент9', 'client9@mail.ru', '89600900009', 'Фамилия9', 'Имя9', 'Отчество9', 'Адрес9', '2014-12-19'),
('Клиент10', 'Клиент10', 'client10@mail.ru', '89600900010', 'Фамилия10', 'Имя10', 'Отчество10', 'Адрес10', '2014-12-20');

insert into delivery values
('1','302','302','2014-12-25','10000','доставлен','московский район','доставка курьером'),
('2','304','304','2014-12-25','10000','доставлен','авиастроительный район','доставка габаритного заказа'),
('3','306','306','2014-12-25','10000','доставлен','московский район','доставка курьером'),
('4','308','308','2014-12-25','10000','не доставлен','вахитовский район','доставка габаритного заказа'),
('5','310','310','2014-12-25','10000','не доставлен','ново-савиновский район','доставка курьером');

insert into credit_card values
('4263 7678 8273 9871', 'Клиент1', '861', '2016-07-11', 'Фамилия1', 'Имя1', 'Отчество1'),
('4263 7678 8273 9872', 'Клиент2', '862', '2016-07-12', 'Фамилия2', 'Имя2', 'Отчество2'),
('4263 7678 8273 9873', 'Клиент3', '863', '2016-07-13', 'Фамилия3', 'Имя3', 'Отчество3'),
('4263 7678 8273 9874', 'Клиент4', '864', '2016-07-14', 'Фамилия4', 'Имя4', 'Отчество4'),
('4263 7678 8273 9875', 'Клиент5', '865', '2016-07-15', 'Фамилия5', 'Имя5', 'Отчество5'),
('4263 7678 8273 9876', 'Клиент6', '866', '2016-07-16', 'Фамилия6', 'Имя6', 'Отчество6'),
('4263 7678 8273 9877', 'Клиент7', '867', '2016-07-17', 'Фамилия7', 'Имя7', 'Отчество7'),
('4263 7678 8273 9810', 'Клиент10', '810', '2016-07-10', 'Фамилия10', 'Имя10', 'Отчество10');

insert into procreator values
('Производитель1', '89507483901', '89507483901', 'creator1@mail.ru'),
('Производитель2', '89507483902', '89507483902', 'creator2@mail.ru'),
('Производитель3', '89507483903', '89507483903', 'creator3@mail.ru');

insert into goods values
('1', 'Товар1', NULL, '10100', '101', '101', '101', '101', NULL, 'Категория1', 'Подкатегория1', 'Производитель1'),
('2', 'Товар2', NULL, '10200', '102', '102', '102', '102', NULL, 'Категория1', 'Подкатегория1', 'Производитель1'),
('3', 'Товар3', NULL, '10300', '103', '103', '103', '103', NULL, 'Категория1', 'Подкатегория2', 'Производитель1'),
('4', 'Товар4', NULL, '10400', '104', '104', '104', '104', NULL, 'Категория2', 'Подкатегория3', 'Производитель2'),
('5', 'Товар5', NULL, '10500', '105', '105', '105', '105', NULL, 'Категория2', 'Подкатегория3', 'Производитель2'),
('6', 'Товар6', NULL, '10600', '106', '106', '106', '106', NULL, 'Категория2', 'Подкатегория4', 'Производитель2'),
('7', 'Товар7', NULL, '10700', '107', '107', '107', '107', NULL, 'Категория2', 'Подкатегория4', 'Производитель3'),
('8', 'Товар8', NULL, '10800', '108', '108', '108', '108', NULL, 'Категория3', 'Подкатегория5', 'Производитель3'),
('9', 'Товар9', NULL, '10900', '109', '109', '109', '109', NULL, 'Категория3', 'Подкатегория6', 'Производитель3'),
('10', 'Товар10', NULL, '11000', '110', '110', '110', '110', NULL, 'Категория3', 'Подкатегория6', 'Производитель3');

insert into point values
('Точка1', 'Адрес точки 1', '9:00', '21:00', '89381451600'),
('Точка2', 'Адрес точки 2', '8:00', '20:00', '89381452600'),
('Точка3', 'Адрес точки 3', '10:00', '22:00', '89381453600');

insert into orders values
('1', 'Клиент1', 'Наличный расчет', 'Самовывоз', '10100', '2014-12-11', 'в обработке', 'Точка1'),
('2', 'Клиент2', 'Кредитная карта', 'Доставка', '10200', '2014-12-12', 'обработан', NULL),
('3', 'Клиент3', 'Наличный расчет', 'Самовывоз', '10300', '2014-12-13', 'в обработке', 'Точка1'),
('4', 'Клиент4', 'Электронный кошелек', 'Доставка', '10400', '2014-12-14', 'обработан', NULL),
('5', 'Клиент5', 'Наличный расчет', 'Самовывоз', '10500', '2014-12-15', 'в обработке', 'Точка1'),
('6', 'Клиент6', 'Кредитная карта', 'Доставка', '10600', '2014-12-16', 'обработан', NULL),
('7', 'Клиент7', 'Наличный расчет', 'Самовывоз', '10700', '2014-12-17', 'в обработке', 'Точка2'),
('8', 'Клиент8', 'Электронный кошелек', 'Доставка', '10800', '2014-12-18', 'новый', NULL),
('9', 'Клиент9', 'Наличный расчет', 'Самовывоз', '10900', '2014-12-19', 'в обработке', 'Точка2'),
('10', 'Клиент1', 'Кредитная карта', 'Доставка', '10000', '2014-12-20', 'новый', NULL);

insert into goods_orders values
('1','1'),
('2','1'),
('3','2'),
('4','2'),
('5','3'),
('6','3'),
('7','4'),
('8','4'),
('9','5'),
('10','6'),
('2','7'),
('3','8'),
('4','9'),
('5','10'),
('6','10'),
('7','10');

insert into e_wallet values
('R039033846761','Клиент4'),
('R034873236832','Клиент8');



