INSERT INTO Couriers (id,name)
VALUES
(1,'Иван Абрамов'),
(2,'Айдар Гараев'),
(3,'Ольга Николаева');

INSERT INTO Customers (id,name,phoneNumber,address)
VALUES
(1,'Дарья Муханова', 89274450323, 'Деревня Универсиады, д. 3.1, ком.801'),
(2,'Наиля Насибуллина', 89176894389, 'ул. Пушкина, д.32, ком.344' ),
(3,'Ильшат Зиятдинов', 89274132150, 'ул. Сабан, д.3, кв.105' ), (4,'Олимпиада Домашинская', 89270804315, 'ул. Пушкина, д.32, ком.344' );

INSERT INTO Bakers (id,name)
VALUES
(1,'Екатерина Пирожкова'),
(2,'Артем Бубликов'),
(3,'Анатолий Баранкин'),
(4, 'Диана Хлебцова');

INSERT INTO Menu (id,name,price)
VALUES
(1,'Багет классический', 40),
(2,'Багет ржаной',40),
(3,'Чиабатта',40),
(4,'Чиабатта луковая', 40),
(5,'Хлеб "Фитнес"', 45),
(6,'Хлеб "По-провански"',40),
(7,'Булочка "Нуаж"', 15),
(8,'Сырники',59),
(9,'Маффин(шоколад)',45),
(10,'Круассан',59),
(11,'Макаронс',30),
(12,'Эклер',59),
(13,'Профитроль',45);

INSERT INTO OrderStatus (id,status)
VALUES
(1,'Заказ принят'),
(2,'Заказ готовится'),
(3,'Заказ готов'),
(4,'Заказ отправлен'),
(5,'Заказ доставлен');

INSERT INTO Orders(id,date,id_customers,id_bakers,id_order_status,id_couriers)
VALUES
(1,'2014-10-16 12:23:38', 2,3,2,3),
(2,'2014-10-16 15:36:12', 1,3,2,1),
(3,'2014-10-17 00:21:58', 1,1,1,1),
(4,'2014-10-17 12:12:15', 4,4,1,2),
(5,'2014-10-17 14:16:45', 3,1,1,1);

INSERT INTO OrderedFood (id,fcount,id_orders,id_menu)
VALUES
(1,1,3,2),
(2,3,3,10),
(3,1,1,1),
(4,4,1,8),
(5,10,1,12),
(6,1,3,2),
(7,5,4,9),
(8,2,2,4),
(9,7,2,11),
(10,2,2,7);