-- -----------------------------------------------------
-- MODELS
-- -----------------------------------------------------
INSERT INTO MODELS (MARK, MODEL, DVERI, KUZOV, ID_MODEL) VALUES (BMW , SERIA 1, 5, HATCHBACK, 11);
INSERT INTO MODELS (MARK, MODEL, DVERI, KUZOV, ID_MODEL) VALUES (BMW, SERIA 5, 4, SEDAN, 12);
INSERT INTO MODELS (MARK, MODEL, DVERI, KUZOV, ID_MODEL) VALUES (AUDI, Q7, 5, CROSSOVER, 21);
INSERT INTO MODELS (MARK, MODEL, DVERI, KUZOV, ID_MODEL) VALUES (AUDI, R8, 2, SPORTCAR, 22);
INSERT INTO MODELS (MARK, MODEL, DVERI, KUZOV, ID_MODEL) VALUES (LEXUS, LX 570, 5, CROSSOVER, 31);
INSERT INTO MODELS (MARK, MODEL, DVERI, KUZOV, ID_MODEL) VALUES (LAND ROVER, EVOGUE, 5, CROSSOVER, 41);
INSERT INTO MODELS (MARK, MODEL, DVERI, KUZOV, ID_MODEL) VALUES (MERSEDES-BENZ, S 63 AMG, 4, SEDAN, 51); 
-- -----------------------------------------------------
-- KOMPL
-- ----------------------------------------------------- 
INSERT INTO KOMPL (idKOMPL, Y_NAME, Y_PRIMECHANIE, MARK_ID) VALUES (111, COMFORT, ABS, 1);
INSERT INTO KOMPL (idKOMPL, Y_NAME, Y_PRIMECHANIE, MARK_ID) VALUES (112, LUXURY, PARCTRONIC, 1);
INSERT INTO KOMPL (idKOMPL, Y_NAME, Y_PRIMECHANIE, MARK_ID) VALUES (121, LUX, XENON, 1);
INSERT INTO KOMPL (idKOMPL, Y_NAME, Y_PRIMECHANIE, MARK_ID) VALUES (122, SPORT, NULL, 2);
INSERT INTO KOMPL (idKOMPL, Y_NAME, Y_PRIMECHANIE, MARK_ID) VALUES (211, BASE, NULL, 2);
INSERT INTO KOMPL (idKOMPL, Y_NAME, Y_PRIMECHANIE, MARK_ID) VALUES (212, COMFORT, 12 SRS, 2);
INSERT INTO KOMPL (idKOMPL, Y_NAME, Y_PRIMECHANIE, MARK_ID) VALUES (221, SPORT, NULL, 3);
INSERT INTO KOMPL (idKOMPL, Y_NAME, Y_PRIMECHANIE, MARK_ID) VALUES (222, SPORT+, REDLINE, 3);
INSERT INTO KOMPL (idKOMPL, Y_NAME, Y_PRIMECHANIE, MARK_ID) VALUES (311, PRESTIGE, PNEVMO PODVECKA, 3);
INSERT INTO KOMPL (idKOMPL, Y_NAME, Y_PRIMECHANIE, MARK_ID) VALUES (312, ACTIVE, GPS NAVIGATOR, 4);
INSERT INTO KOMPL (idKOMPL, Y_NAME, Y_PRIMECHANIE, MARK_ID) VALUES (411, LUXURY, CAR LIKE A BOSS, 4);
INSERT INTO KOMPL (idKOMPL, Y_NAME, Y_PRIMECHANIE, MARK_ID) VALUES (412, PREMIUM, CAR LIKE A PREMIUM BOSS, 5);
INSERT INTO KOMPL (idKOMPL, Y_NAME, Y_PRIMECHANIE, MARK_ID) VALUES (511, BOSS, NOGAN, 5);
INSERT INTO KOMPL (idKOMPL, Y_NAME, Y_PRIMECHANIE, MARK_ID) VALUES (512, GANGSTA BOSS, GOLD PISTOLET, 5);
-- -----------------------------------------------------
-- CUSTOMERS
-- -----------------------------------------------------
INSERT INTO CUSTOMERS (CUST_ID, CUST_FNAME, CUST_LNAME, CUST_PASP, CUST_VIDAN, CUST_DATA, CUST_NUMBER) VALUES (132, BILL, GATES, 3457, GOVERMENT, 28.11.1955, 89234781072);
INSERT INTO CUSTOMERS (CUST_ID, CUST_FNAME, CUST_LNAME, CUST_PASP, CUST_VIDAN, CUST_DATA, CUST_NUMBER) VALUES (243, MELINDA, GATES, 8655, GOVERMENT, 15.08.1964, 89340156720);
-- -----------------------------------------------------
-- MANAGERS
-- -----------------------------------------------------
INSERT INTO MANAGERS (MANAG_ID, MANAG_FNAME, MANAG_LNAME, MANAG_PASP, MANAG_VIDAN, MANAG_DATA, MANAG_SEX) VALUES (12345, FILIPP, KIRKOROV, 2345, 05.11.2004, 12.12.1968, M);
INSERT INTO MANAGERS (MANAG_ID, MANAG_FNAME, MANAG_LNAME, MANAG_PASP, MANAG_VIDAN, MANAG_DATA, MANAG_SEX) VALUES (23456, NIKOLAY, BASKOV, 8547, 31.07.1999, 29.07.1988, M);
INSERT INTO MANAGERS (MANAG_ID, MANAG_FNAME, MANAG_LNAME, MANAG_PASP, MANAG_VIDAN, MANAG_DATA, MANAG_SEX) VALUES (34567, NYUSHA, NYUSHA, 6719, 17.04.2013, 15.04.1988, W);
-- -----------------------------------------------------
-- ORDERS
-- -----------------------------------------------------
INSERT INTO ORDERS (AUTO_ORDER, ORDER_CUST, ORDER_MANAG, ORDER_OFORM, ORDER_SROK, ORDER_KONEC) VALUES (11111.1, 132, 12345, 14.12.2013, 5, 19.12.2013);
INSERT INTO  ORDERS (AUTO_ORDER, ORDER_CUST, ORDER_MANAG, ORDER_OFORM, ORDER_SROK, ORDER_KONEC) VALUES (11111.2, 132, 23456, 16.12.2013, 5, 21.12.2013);
INSERT INTO ORDERS (AUTO_ORDER, ORDER_CUST, ORDER_MANAG, ORDER_OFORM, ORDER_SROK, ORDER_KONEC) VALUES (11112.1, 243, 34567, 20.12.2013, 5, 25.12.2013);
-- -----------------------------------------------------
-- COLORS
-- -----------------------------------------------------
INSERT INTO COLORS (COLOR_ID, COLOR_NAME) VALUES (1, WHITE);
INSERT INTO COLORS (COLOR_ID, COLOR_NAME) VALUES (2, BLACK);
INSERT INTO COLORS (COLOR_ID, COLOR_NAME) VALUES (3, RED);
INSERT INTO COLORS (COLOR_ID, COLOR_NAME) VALUES (4, BLUE);
INSERT INTO COLORS (COLOR_ID, COLOR_NAME) VALUES (5, GREEN);
INSERT INTO  COLORS (COLOR_ID, COLOR_NAME) VALUES (6, CHOCOLATE);
-- -----------------------------------------------------
-- AUTO
-- -----------------------------------------------------
INSERT INTO AUTO (AUTO_ID, AUTO_ORDER, idKOMPL, COLOR_ID, ID_MODEL, PRICE) VALUES (11111.1, 23, 111, 6, 11, 1100000);
INSERT INTO AUTO (AUTO_ID, AUTO_ORDER, idKOMPL, COLOR_ID, ID_MODEL, PRICE) VALUES (11111.2, 24, 112, 5, 11, 1200000);
INSERT INTO AUTO (AUTO_ID, AUTO_ORDER, idKOMPL, COLOR_ID, ID_MODEL, PRICE) VALUES (11112.1, 25, 112, 1, 12, 2000000); 
