USE `port`;
INSERT INTO Orders (Id,SurName,Name,MiddleName,SeriaPasport,NumberPasport,Birthday)
VALUES
(152,'Сидоров','Иван','Александрович','0926','842411', '1999-09-01'),
(154,'Заусенец', 'Артем', 'Васильевич', '0926', '854871','2004-09-16'),
(115,'Рот', 'Тим', NULL, '0928','481212', '1989-03-03'),
(126,'Сидоров', 'Сергей', 'Витальевич', '0965','121745','1994-05-19'),
(127,'Сердитый', 'Антон', 'Антонович', '0966','452810', '2007-06-19'),
(128,'Бордюр', 'Инна', 'Игоревна', '0989', '674516',  '2005-03-17'),
(130,'Индус', 'Илья', 'Маркович', '0960','190825','1956-03-19');
INSERT INTO Plane (Id,PilotId ,AmountPlace)
VALUES
(105, 10011,21),
(106, 10111,19),
(107, 10211,12),
(108, 10311,30 ),
(109, 10411, 23 ),
(200, 10511,45),
(201, 10611,40),
(115, 11011,21),
(116, 11111,19),
(117, 11211,12),
(118, 11311,30 ),
(119, 11411, 23 ),
(210, 11511,45),
(211, 11611,40),
(145, 14011,21),
(146, 14111,19),
(147, 14211,12),
(148, 14311,30 ),
(149, 14411, 23 ),
(240, 14511,45),
(241, 14611,40)
;
INSERT INTO Flies (Id,NumberFly ,FromWhere ,ToWhere,Price, PlaneId,TimeInFly,Time)
VALUES
(1, 1001,'Сочи','Казань', 9026, 106, '03:22:00', '18:54:00'),
(2, 1101,'Кипр', 'Токио',5871, 107, '09:00:00', '11:36:34'),
(3, 1201,'Казань', 'Барнаул', 8121,201, '05:15:12',' 09:08:00'),
(4, 1301,'Лондон', 'Москва', 2174, 109, '05:07:00', '08:30:00' ),
(5, 1401,'Сочи', 'Рига', 2810, 105, '02:50:00', '12:00:00' ),
(6, 1501,'Уфа', 'Казань', 7451, 200,'04:45:00','10:00:00'),
(7, 1601,'Киев', 'Прага', 9600, 108,'04:40:00','10:13:24'),
(8, 1001,'Сочи','Казань', 9026, 115, '03:22:00', '21:54:00'),
(9, 1101,'Кипр', 'Токио',5871, 116, '09:00:00', '16:36:34'),
(10, 1201,'Казань', 'Барнаул', 8121,117, '05:15:12',' 16:08:00'),
(11, 1301,'Лондон', 'Москва', 2174, 118, '05:07:00', '15:30:00' ),
(12, 1401,'Сочи', 'Рига', 2810,119, '02:50:00', '13:00:00' ),
(13, 1501,'Уфа', 'Казань', 7451, 210, '04:45:00','19:00:00'),
(14, 1601,'Киев', 'Прага', 9600, 211,'04:40:00','05:13:24'),
(15, 1011,'Сочи','Кипт', 9206, 145, '03:22:00', '21:54:00'),
(16, 1111,'Кипр', 'Казань',5701, 146,'02:00:00', '19:36:34'),
(17, 1211,'Казань', 'Киев', 8120,147, '03:15:12',' 06:08:00'),
(18, 1311,'Лондон', 'Сочи', 2104, 148,'05:07:00', '18:30:00' ),
(19, 1411,'Сочи', 'Лондон', 2010,149,'03:50:00', '23:00:00' ),
(20, 1511,'Уфа', 'Чита', 7401, 240,'05:45:00','09:00:00'),
(21, 1611,'Киев', 'Мурманск', 9690,241, '08:40:00','07:13:24')
;
INSERT INTO Tickets (Id,Place,OrderId,DateFly,FliesId) 
VALUES
(101017, 1,126, '2014-04-1',1),
(101018,8,154, '2014-04-12',2),
(101019,9,115, '2014-04-15',1),
(101020,6,126,'2014-05-19', 2),
(101021,2,154, '2014-08-20', 2),
(101022,4,115, '2014-07-19', 3),
(101023,3,130, '2014-09-11',5),
(101010, 11,126, '2014-02-12', 7 ),
(101011, 12, 127, '2014-04-03', 8),
(101012,7, 128, '2014-07-08', 9),
(101013,6, 128, '2014-09-09', 6),
(101014,8, 130, '2014-09-07',  9),
(101015,9, 130, '2014-04-09', 10),
(101016,5, 154, '2014-09-05', 11)
;
INSERT INTO Registration(Id,TicketId,State) 
VALUES
(9150,  101010, 3),
(9160,101011, 1),
(9170, 101012,2),
(9180,101013,3),
(9190,101014,2),
(9200,101015,2),
(9210,101016,3),
(9151,101017,3),
(9161,101019, 1),
(9171, 101019,2),
(9181,101020,1),
(9191,101021,2),
(9201,101022,2),
(9211,101023,3)
;
